<?xml version="1.0" encoding="utf-8"?>
<theme>
	<title>实时天气</title>
	<designer>天气</designer>
	<author>天气</author>
	<version>10</version>
	<frame>0</frame>
	<description><![CDATA[了解某地实时天气状况与气温信息]]></description>
	<uiVersion>12</uiVersion>
	<typeTag>theme_bind:com.miui.weather2</typeTag>
	<editable>true</editable>
	<customEditLink>true</customEditLink>
	<resourceType>widgets</resourceType>
	<bindApp>com.miui.weather2</bindApp>
	<bindAction>click,show</bindAction>
	<bindAppPermission>android.permission.ACCESS_FINE_LOCATION</bindAppPermission>
	<titles>
		<title locale="zh_CN"><![CDATA[实时天气]]></title>
		<title locale="zh_TW"><![CDATA[實時天氣]]></title>
		<title locale="bo_CN"><![CDATA[དུས་ཐོག་གནམ་གཤིས།]]></title>
		<title locale="ug_CN"><![CDATA[پەيتلىك ھاۋارايى]]></title>
		<title locale="en_US"><![CDATA[Weather]]></title>
	</titles>
	<descriptions>
		<description locale="zh_CN"><![CDATA[了解某地实时天气状况与气温信息]]></description>
		<description locale="zh_TW"><![CDATA[瞭解某地實時天氣狀況與氣溫資訊]]></description>
		<description locale="bo_CN"><![CDATA[ས་ཆ་ག་གེ་མོའི་དུས་ཐོག་གནམ་གཤིས་གནས་ཚུལ་དང་དྲོད་ཚད་ཆ་འཕྲིན་རྒྱུས་ལོན།]]></description>
		<description locale="ug_CN"><![CDATA[مەلۇم رايوننىڭ ھاۋارايى ئۇچۇرىغا ئېرىشەلەيسىز]]></description>
		<description locale="en_US"><![CDATA[View current weather info]]></description>
	</descriptions>
	<authors>
		<author locale="zh_CN"><![CDATA[天气]]></author>
		<author locale="zh_TW"><![CDATA[天氣]]></author>
		<author locale="bo_CN"><![CDATA[གནམ་གཤིས།]]></author>
		<author locale="ug_CN"><![CDATA[ھاۋارايى]]></author>
		<author locale="en_US"><![CDATA[Weather]]></author>
	</authors>
	<designers>
		<designer locale="zh_CN"><![CDATA[天气]]></designer>
		<designer locale="zh_TW"><![CDATA[天氣]]></designer>
		<designer locale="bo_CN"><![CDATA[གནམ་གཤིས།]]></designer>
		<designer locale="ug_CN"><![CDATA[ھاۋارايى]]></designer>
		<designer locale="en_US"><![CDATA[Weather]]></designer>
	</designers>
</theme>