<?xml version="1.0" encoding="UTF-8" standalone="no"?>
<theme>
	<version>1</version>
	<uiVersion>12</uiVersion>
	<author>Battery</author>
	<designer>Battery</designer>
	<title>Battery</title>
	<description>Viewing battery</description>
<typeTag>theme_tools</typeTag>
<frame>0</frame>
<editable>true</editable>
<resourceType>widgets</resourceType>
	<authors>
		<author locale="tr_TR">Pil</author>
	</authors>
	<designers>
		<designer locale="tr_TR">Pil</designer>
	</designers>
	<titles>
		<title locale="tr_TR">Pil</title>
	</titles>
	<descriptions>
		<description locale="tr_TR">Pil bilgilerini görüntüleyebilirsiniz</description>
	</descriptions>
</theme>