<?xml version="1.0" encoding="UTF-8" standalone="no"?>
<theme>
<version><![CDATA[138]]></version>
<uiVersion>12</uiVersion>
<author><![CDATA[Pil]]></author>
<designer><![CDATA[Pil]]></designer>
<title><![CDATA[Pil]]></title>
<description><![CDATA[Tüm cihazların pil gücünü görüntüleyin]]></description>
<typeTag>theme_bind:com.miui.securitycenter</typeTag>
<frame>0</frame>
<editable>false</editable>
<resourceType>widgets</resourceType>
<authors>
<author locale="zh_TW"><![CDATA[手機管家]]></author>
<author locale="bo_CN"><![CDATA[ཁ་པར་དོ་དམ་པ།]]></author>
<author locale="en_US"><![CDATA[Security]]></author>
<author locale="ug_CN"><![CDATA[يانفون غوجىدارى]]></author>
<author locale="tr_TR"><![CDATA[Pil]]></author>
</authors>
<designers>
<designer locale="zh_TW"><![CDATA[手機管家]]></designer>
<designer locale="bo_CN"><![CDATA[ཁ་པར་དོ་དམ་པ།]]></designer>
<designer locale="en_US"><![CDATA[Security]]></designer>
<designer locale="ug_CN"><![CDATA[يانفون غوجىدارى]]></designer>
<designer locale="tr_TR"><![CDATA[Pil]]></designer>
</designers>
<titles>
<title locale="zh_TW"><![CDATA[電池]]></title>
<title locale="bo_CN"><![CDATA[གློག་རྫས།]]></title>
<title locale="en_US"><![CDATA[Battery]]></title>
<title locale="ug_CN"><![CDATA[باتارىيە]]></title>
<title locale="tr_TR"><![CDATA[Pil]]></title>
</titles>
<descriptions>
<description locale="zh_TW"><![CDATA[查看全部裝置的電量]]></description>
<description locale="bo_CN"><![CDATA[སྒྲིག་ཆས་ཆ་ཚང་གི་གློག་རྫས་ལྟ་བཤེར།]]></description>
<description locale="en_US"><![CDATA[View all devices]]></description>
<description locale="ug_CN"><![CDATA[بارلىق ئۈسكۈنىنىڭ توك مىقدارىنى كۆرۈش]]></description>
<description locale="tr_TR"><![CDATA[Tüm cihazların pil gücünü görüntüleyin]]></description>
</descriptions>
</theme>
